"num_ticket","date_creation","status","reponse_client"
"COSPA-4321","2025-12-11 07:18:12","en cours","Non"
"COSPA-4218","2025-12-10 10:48:14","en cours","Non"
"COSPA-4216","2025-12-10 10:43:43","en cours","Non"
"COSPA-4200","2025-12-10 09:32:22","en cours","Non"
"COSPA-4196","2025-12-10 09:24:14","en cours","Non"
"COSPA-4191","2025-12-10 09:03:02","en attente","Non"
"COSPA-4180","2025-12-10 08:23:22","en cours","Non"
"COSPA-4178","2025-12-10 08:15:57","en cours","Non"
"COSPA-4176","2025-12-10 07:56:20","en cours","Non"
"COSPA-4169","2025-12-10 07:18:55","en attente","Non"
"COSPA-4156","2025-12-09 21:43:53","en attente","Non"
"COSPA-4152","2025-12-09 21:07:08","en attente","Non"
"COSPA-4141","2025-12-09 18:22:10","en cours","Non"
"COSPA-4139","2025-12-09 18:06:53","en cours","Non"
"COSPA-4137","2025-12-09 17:53:24","en cours","Non"
"COSPA-4125","2025-12-09 16:35:26","en attente","Non"
"COSPA-4122","2025-12-09 15:54:55","en attente","Non"
"COSPA-4223","2025-12-10 11:11:33","en attente","Non"
"COSPA-4226","2025-12-10 11:24:42","en attente","Non"
"COSPA-4315","2025-12-10 23:13:32","en attente","Non"
"COSPA-4312","2025-12-10 22:21:10","en attente","Non"
"COSPA-4309","2025-12-10 21:54:07","en attente","Non"
"COSPA-4308","2025-12-10 21:18:44","en attente","Non"
"COSPA-4299","2025-12-10 19:28:08","en attente","Non"
"COSPA-4292","2025-12-10 18:01:53","en attente","Non"
"COSPA-4287","2025-12-10 17:06:17","en attente","Non"
"COSPA-4273","2025-12-10 15:55:26","en cours","Non"
"COSPA-4269","2025-12-10 14:46:44","en attente","Non"
"COSPA-4259","2025-12-10 13:51:58","en cours","Non"
"COSPA-4251","2025-12-10 13:23:14","en attente","Non"
"COSPA-4247","2025-12-10 13:07:07","en cours","Non"
"COSPA-4240","2025-12-10 12:35:01","en cours","Non"
"COSPA-4237","2025-12-10 12:26:05","en attente","Non"
"COSPA-4236","2025-12-10 12:25:27","en attente","Non"
"COSPA-4233","2025-12-10 12:12:26","en cours","Non"
"COSPA-4119","2025-12-09 15:30:25","en attente","Non"
"COSPA-4117","2025-12-09 15:30:07","en attente","Non"
"COSPA-4050","2025-12-09 10:42:29","en attente","Non"
"COSPA-4048","2025-12-09 10:30:50","en attente","Non"
"COSPA-4046","2025-12-09 10:23:36","en cours","Non"
"COSPA-4039","2025-12-09 09:49:03","en attente","Non"
"COSPA-4034","2025-12-09 09:20:49","en attente","Non"
"COSPA-4032","2025-12-09 09:18:30","en attente","Non"
"COSPA-4027","2025-12-09 08:58:31","en attente","Non"
"COSPA-4009","2025-12-09 07:34:34","en attente","Non"
"COSPA-4002","2025-12-09 04:30:57","en attente","Non"
"COSPA-4001","2025-12-09 04:28:53","en attente","Non"
"COSPA-4000","2025-12-09 02:29:32","en attente","Non"
"COSPA-3994","2025-12-08 22:20:05","en attente","Non"
"COSPA-3991","2025-12-08 21:03:56","en cours","Non"
"COSPA-3988","2025-12-08 20:27:26","en cours","Non"
"COSPA-3985","2025-12-08 19:55:32","en attente","Non"
"COSPA-3983","2025-12-08 19:33:54","en attente","Non"
"COSPA-4055","2025-12-09 11:12:20","en attente","Non"
"COSPA-4056","2025-12-09 11:12:20","en attente","Non"
"COSPA-4116","2025-12-09 15:26:55","en attente","Non"
"COSPA-4114","2025-12-09 15:04:55","en attente","Non"
"COSPA-4111","2025-12-09 14:34:57","en attente","Non"
"COSPA-4108","2025-12-09 14:18:57","en cours","Non"
"COSPA-4107","2025-12-09 14:17:01","en cours","Non"
"COSPA-4104","2025-12-09 14:10:57","en cours","Non"
"COSPA-4101","2025-12-09 14:04:21","en cours","Non"
"COSPA-4100","2025-12-09 14:03:14","en cours","Non"
"COSPA-4097","2025-12-09 13:46:43","en attente","Non"
"COSPA-4094","2025-12-09 13:38:45","en attente","Non"
"COSPA-4086","2025-12-09 13:14:16","en cours","Non"
"COSPA-4080","2025-12-09 12:13:40","en attente","Non"
"COSPA-4076","2025-12-09 12:10:16","en attente","Non"
"COSPA-4067","2025-12-09 11:47:24","en attente","Non"
"COSPA-4066","2025-12-09 11:45:58","en attente","Non"
"COSPA-4061","2025-12-09 11:27:05","en attente","Non"
"COSPA-3977","2025-12-08 17:59:02","en cours","Non"
"COSPA-4326","2025-12-11 08:02:56","en attente","Non"
"COSPA-4694","2025-12-13 18:58:55","en attente","Non"
"COSPA-4644","2025-12-13 10:39:21","en cours","Non"
"COSPA-4643","2025-12-13 10:31:12","en cours","Non"
"COSPA-4640","2025-12-13 10:28:17","en cours","Non"
"COSPA-4636","2025-12-13 09:52:13","en cours","Non"
"COSPA-4634","2025-12-13 09:43:07","en attente","Non"
"COSPA-4633","2025-12-13 09:38:53","en attente","Non"
"COSPA-4629","2025-12-13 08:43:54","en attente","Non"
"COSPA-4624","2025-12-13 07:18:08","en attente","Non"
"COSPA-4618","2025-12-13 00:11:27","en attente","Non"
"COSPA-4614","2025-12-12 23:10:07","en attente","Non"
"COSPA-4594","2025-12-12 17:44:09","en attente","Non"
"COSPA-4585","2025-12-12 16:37:19","en cours","Non"
"COSPA-4584","2025-12-12 16:32:42","en cours","Non"
"COSPA-4581","2025-12-12 15:57:21","en attente","Non"
"COSPA-4580","2025-12-12 15:57:16","en attente","Non"
"COSPA-4579","2025-12-12 15:54:45","en attente","Non"
"COSPA-4646","2025-12-13 10:44:22","en cours","Non"
"COSPA-4647","2025-12-13 10:47:20","en cours","Non"
"COSPA-4691","2025-12-13 17:17:54","en attente","Non"
"COSPA-4690","2025-12-13 17:05:08","en attente","Non"
"COSPA-4687","2025-12-13 15:13:57","en cours","Non"
"COSPA-4685","2025-12-13 15:06:58","en attente","Non"
"COSPA-4681","2025-12-13 14:23:08","en attente","Non"
"COSPA-4678","2025-12-13 13:45:54","en cours","Non"
"COSPA-4673","2025-12-13 13:12:55","en cours","Non"
"COSPA-4668","2025-12-13 12:32:54","en cours","Non"
"COSPA-4664","2025-12-13 12:06:57","en cours","Non"
"COSPA-4663","2025-12-13 12:06:57","en attente","Non"
"COSPA-4659","2025-12-13 11:56:44","en attente","Non"
"COSPA-4653","2025-12-13 11:00:44","en attente","Non"
"COSPA-4652","2025-12-13 11:00:19","en cours","Non"
"COSPA-4651","2025-12-13 10:58:19","en cours","Non"
"COSPA-4650","2025-12-13 10:57:13","en cours","Non"
"COSPA-4649","2025-12-13 10:56:18","en cours","Non"
"COSPA-4572","2025-12-12 15:03:22","en attente","Non"
"COSPA-4569","2025-12-12 14:23:12","en attente","Non"
"COSPA-4459","2025-12-11 21:55:53","en attente","Non"
"COSPA-4458","2025-12-11 21:53:12","en cours","Non"
"COSPA-4455","2025-12-11 21:25:53","en attente","Non"
"COSPA-4450","2025-12-11 20:55:55","en attente","Non"
"COSPA-4448","2025-12-11 20:26:41","en cours","Non"
"COSPA-4441","2025-12-11 19:24:53","en attente","Non"
"COSPA-4435","2025-12-11 17:32:09","en attente","Non"
"COSPA-4428","2025-12-11 16:21:21","en attente","Non"
"COSPA-4409","2025-12-11 14:19:22","en cours","Non"
"COSPA-4402","2025-12-11 13:38:44","en attente","Non"
"COSPA-4377","2025-12-11 11:45:55","en cours","Non"
"COSPA-4375","2025-12-11 11:41:21","en cours","Non"
"COSPA-4369","2025-12-11 11:26:06","en attente","Non"
"COSPA-4359","2025-12-11 11:01:52","en attente","Non"
"COSPA-4354","2025-12-11 10:31:08","en attente","Non"
"COSPA-4349","2025-12-11 10:06:54","en attente","Non"
"COSPA-4475","2025-12-12 06:19:36","en cours","Non"
"COSPA-4481","2025-12-12 07:20:09","en attente","Non"
"COSPA-4557","2025-12-12 13:30:09","en attente","Non"
"COSPA-4556","2025-12-12 13:25:07","en cours","Non"
"COSPA-4549","2025-12-12 13:01:25","en attente","Non"
"COSPA-4527","2025-12-12 11:06:45","en attente","Non"
"COSPA-4526","2025-12-12 10:56:07","en attente","Non"
"COSPA-4524","2025-12-12 10:55:56","en attente","Non"
"COSPA-4517","2025-12-12 10:09:54","en attente","Non"
"COSPA-4515","2025-12-12 09:58:03","en attente","Non"
"COSPA-4511","2025-12-12 09:37:57","en cours","Non"
"COSPA-4507","2025-12-12 09:17:54","en attente","Non"
"COSPA-4500","2025-12-12 08:55:28","en cours","Non"
"COSPA-4496","2025-12-12 08:34:17","en attente","Non"
"COSPA-4495","2025-12-12 08:33:12","en cours","Non"
"COSPA-4491","2025-12-12 08:31:59","en cours","Non"
"COSPA-4483","2025-12-12 07:28:53","en attente","Non"
"COSPA-4482","2025-12-12 07:26:08","en attente","Non"
"COSPA-4348","2025-12-11 09:49:04","en cours","Non"
"COSPA-3971","2025-12-08 16:02:48","en attente","Non"
"COSPA-3596","2025-12-05 10:35:55","en cours","Non"
"COSPA-3482","2025-12-04 12:39:43","en attente","Non"
"COSPA-3480","2025-12-04 12:38:21","en attente","Non"
"COSPA-3478","2025-12-04 12:24:48","en attente","Non"
"COSPA-3468","2025-12-04 11:32:43","en attente","Non"
"COSPA-3460","2025-12-04 10:40:17","en attente","Non"
"COSPA-3458","2025-12-04 10:19:10","en cours","Non"
"COSPA-3453","2025-12-04 10:06:43","en cours","Non"
"COSPA-3438","2025-12-04 09:10:55","en cours","Non"
"COSPA-3435","2025-12-04 08:56:45","en attente","Non"
"COSPA-3434","2025-12-04 08:54:53","en attente","Non"
"COSPA-3424","2025-12-04 08:00:20","en attente","Non"
"COSPA-3422","2025-12-04 07:44:23","en attente","Non"
"COSPA-3408","2025-12-03 22:32:49","en cours","Non"
"COSPA-3396","2025-12-03 18:38:51","en attente","Non"
"COSPA-3396","2025-12-03 18:38:51","en attente","Non"
"COSPA-3395","2025-12-03 18:17:15","en cours","Non"
"COSPA-3488","2025-12-04 13:14:55","en attente","Non"
"COSPA-3500","2025-12-04 14:28:52","en attente","Non"
"COSPA-3592","2025-12-05 10:25:29","en cours","Non"
"COSPA-3587","2025-12-05 10:00:58","en cours","Non"
"COSPA-3581","2025-12-05 09:11:51","en attente","Non"
"COSPA-3577","2025-12-05 08:58:50","en attente","Non"
"COSPA-3571","2025-12-05 08:36:35","en cours","Non"
"COSPA-3571","2025-12-05 08:36:35","en cours","Non"
"COSPA-3567","2025-12-05 08:19:52","en attente","Non"
"COSPA-3561","2025-12-05 05:55:54","en attente","Non"
"COSPA-3556","2025-12-05 04:37:12","en cours","Non"
"COSPA-3545","2025-12-04 19:30:51","en cours","Non"
"COSPA-3543","2025-12-04 19:15:48","en attente","Non"
"COSPA-3542","2025-12-04 18:22:52","en attente","Non"
"COSPA-3541","2025-12-04 18:17:55","en cours","Non"
"COSPA-3533","2025-12-04 17:18:22","en attente","Non"
"COSPA-3519","2025-12-04 16:19:10","en cours","Non"
"COSPA-3518","2025-12-04 16:14:29","en cours","Non"
"COSPA-3381","2025-12-03 16:42:56","en cours","Non"
"COSPA-3379","2025-12-03 16:27:54","en attente","Non"
"COSPA-3294","2025-12-03 08:45:18","en attente","Non"
"COSPA-3284","2025-12-03 07:18:17","en attente","Non"
"COSPA-3267","2025-12-02 20:10:50","en attente","Non"
"COSPA-3266","2025-12-02 20:08:49","en attente","Non"
"COSPA-3254","2025-12-02 17:47:20","en cours","Non"
"COSPA-3248","2025-12-02 16:48:49","en attente","Non"
"COSPA-3247","2025-12-02 16:46:18","en cours","Non"
"COSPA-3243","2025-12-02 16:30:27","en cours","Non"
"COSPA-3239","2025-12-02 15:56:22","en cours","Non"
"COSPA-3238","2025-12-02 15:50:15","en cours","Non"
"COSPA-3236","2025-12-02 15:45:19","en attente","Non"
"COSPA-3234","2025-12-02 15:26:50","en cours","Non"
"COSPA-3232","2025-12-02 15:07:17","en attente","Non"
"COSPA-3227","2025-12-02 14:36:19","en attente","Non"
"COSPA-3220","2025-12-02 13:48:56","en attente","Non"
"COSPA-3219","2025-12-02 13:46:20","en attente","Non"
"COSPA-3296","2025-12-03 09:08:48","en attente","Non"
"COSPA-3298","2025-12-03 09:14:49","en attente","Non"
"COSPA-3377","2025-12-03 16:18:48","en cours","Non"
"COSPA-3370","2025-12-03 15:33:46","en attente","Non"
"COSPA-3369","2025-12-03 15:30:47","en attente","Non"
"COSPA-3358","2025-12-03 14:30:55","en cours","Non"
"COSPA-3357","2025-12-03 14:27:45","en attente","Non"
"COSPA-3355","2025-12-03 13:49:47","en cours","Non"
"COSPA-3350","2025-12-03 13:39:44","en attente","Non"
"COSPA-3339","2025-12-03 12:44:20","en attente","Non"
"COSPA-3338","2025-12-03 12:42:46","en attente","Non"
"COSPA-3336","2025-12-03 12:23:54","en attente","Non"
"COSPA-3335","2025-12-03 12:17:43","en attente","Non"
"COSPA-3326","2025-12-03 11:08:18","en attente","Non"
"COSPA-3325","2025-12-03 11:07:24","en attente","Non"
"COSPA-3323","2025-12-03 10:59:24","en attente","Non"
"COSPA-3309","2025-12-03 09:59:21","en attente","Non"
"COSPA-3304","2025-12-03 09:32:18","en attente","Non"
"COSPA-3217","2025-12-02 13:37:17","en attente","Non"
"COSPA-3597","2025-12-05 10:37:50","en attente","Non"
"COSPA-3970","2025-12-08 15:52:55","en cours","Non"
"COSPA-3834","2025-12-08 07:37:05","en cours","Non"
"COSPA-3832","2025-12-08 07:19:53","en cours","Non"
"COSPA-3829","2025-12-08 06:49:42","en attente","Non"
"COSPA-3811","2025-12-07 17:42:52","en attente","Non"
"COSPA-3806","2025-12-07 16:07:51","en cours","Non"
"COSPA-3799","2025-12-07 14:08:51","en attente","Non"
"COSPA-3793","2025-12-07 12:07:52","en attente","Non"
"COSPA-3791","2025-12-07 11:30:26","en attente","Non"
"COSPA-3789","2025-12-07 11:24:52","en cours","Non"
"COSPA-3787","2025-12-07 11:16:49","en attente","Non"
"COSPA-3785","2025-12-07 10:54:00","en cours","Non"
"COSPA-3784","2025-12-07 10:51:11","en attente","Non"
"COSPA-3783","2025-12-07 10:36:58","en attente","Non"
"COSPA-3780","2025-12-07 10:25:54","en cours","Non"
"COSPA-3773","2025-12-07 09:33:18","en attente","Non"
"COSPA-3772","2025-12-07 09:27:53","en attente","Non"
"COSPA-3843","2025-12-08 08:30:51","en cours","Non"
"COSPA-3871","2025-12-08 09:55:22","en attente","Non"
"COSPA-3969","2025-12-08 15:42:58","en attente","Non"
"COSPA-3954","2025-12-08 14:29:10","en cours","Non"
"COSPA-3945","2025-12-08 14:02:31","en attente","Non"
"COSPA-3943","2025-12-08 13:53:09","en cours","Non"
"COSPA-3936","2025-12-08 13:40:17","en cours","Non"
"COSPA-3935","2025-12-08 13:36:44","en attente","Non"
"COSPA-3930","2025-12-08 13:13:49","en attente","Non"
"COSPA-3928","2025-12-08 13:08:49","en attente","Non"
"COSPA-3926","2025-12-08 12:52:34","en attente","Non"
"COSPA-3919","2025-12-08 11:47:43","en attente","Non"
"COSPA-3914","2025-12-08 11:34:43","en attente","Non"
"COSPA-3913","2025-12-08 11:31:06","en attente","Non"
"COSPA-3907","2025-12-08 11:13:08","en cours","Non"
"COSPA-3890","2025-12-08 10:41:22","en cours","Non"
"COSPA-3878","2025-12-08 10:16:26","en cours","Non"
"COSPA-3877","2025-12-08 10:07:22","en cours","Non"
"COSPA-3769","2025-12-07 08:11:13","en cours","Non"
"COSPA-3768","2025-12-07 08:02:56","en cours","Non"
"COSPA-3669","2025-12-05 16:02:52","en attente","Non"
"COSPA-3666","2025-12-05 15:49:53","en attente","Non"
"COSPA-3662","2025-12-05 15:15:52","en attente","Non"
"COSPA-3651","2025-12-05 14:28:55","en cours","Non"
"COSPA-3645","2025-12-05 14:09:50","en attente","Non"
"COSPA-3644","2025-12-05 14:07:20","en cours","Non"
"COSPA-3638","2025-12-05 13:41:49","en attente","Non"
"COSPA-3634","2025-12-05 13:30:22","en cours","Non"
"COSPA-3626","2025-12-05 13:02:15","en attente","Non"
"COSPA-3618","2025-12-05 12:10:53","en attente","Non"
"COSPA-3617","2025-12-05 12:02:53","en attente","Non"
"COSPA-3613","2025-12-05 11:30:20","en cours","Non"
"COSPA-3611","2025-12-05 11:25:57","en cours","Non"
"COSPA-3607","2025-12-05 11:08:51","en cours","Non"
"COSPA-3603","2025-12-05 10:55:54","en attente","Non"
"COSPA-3601","2025-12-05 10:47:55","en cours","Non"
"COSPA-3672","2025-12-05 16:17:50","en attente","Non"
"COSPA-3689","2025-12-05 21:25:11","en attente","Non"
"COSPA-3757","2025-12-06 18:28:56","en attente","Non"
"COSPA-3756","2025-12-06 18:06:52","en attente","Non"
"COSPA-3751","2025-12-06 17:34:51","en attente","Non"
"COSPA-3742","2025-12-06 16:01:29","en attente","Non"
"COSPA-3741","2025-12-06 15:55:50","en attente","Non"
"COSPA-3739","2025-12-06 14:52:50","en attente","Non"
"COSPA-3737","2025-12-06 14:37:51","en attente","Non"
"COSPA-3735","2025-12-06 14:07:23","en cours","Non"
"COSPA-3726","2025-12-06 12:41:53","en attente","Non"
"COSPA-3722","2025-12-06 12:22:26","en cours","Non"
"COSPA-3721","2025-12-06 11:45:52","en attente","Non"
"COSPA-3717","2025-12-06 10:43:07","en cours","Non"
"COSPA-3708","2025-12-06 09:51:55","en attente","Non"
"COSPA-3707","2025-12-06 09:35:49","en attente","Non"
"COSPA-3703","2025-12-06 09:29:13","en cours","Non"
"COSPA-3700","2025-12-06 08:49:53","en cours","Non"
"COSPA-3598","2025-12-05 10:40:50","en cours","Non"
"COSPA-5773","2025-12-23 22:26:33","en cours","Non"
"COSPA-5687","2025-12-23 07:23:23","en cours","Non"
"COSPA-5680","2025-12-22 23:28:56","en attente","Non"
"COSPA-5676","2025-12-22 21:19:04","en attente","Non"
"COSPA-5675","2025-12-22 20:26:03","en attente","Non"
"COSPA-5672","2025-12-22 18:54:23","en attente","Non"
"COSPA-5666","2025-12-22 18:14:32","en attente","Non"
"COSPA-5665","2025-12-22 17:09:05","en attente","Non"
"COSPA-5653","2025-12-22 14:45:43","en attente","Non"
"COSPA-5648","2025-12-22 14:26:33","en cours","Non"
"COSPA-5647","2025-12-22 14:20:06","en cours","Non"
"COSPA-5642","2025-12-22 13:40:32","en cours","Non"
"COSPA-5638","2025-12-22 13:22:50","en cours","Non"
"COSPA-5635","2025-12-22 13:06:25","en cours","Non"
"COSPA-5628","2025-12-22 12:20:36","en cours","Non"
"COSPA-5620","2025-12-22 11:27:02","en attente","Non"
"COSPA-5612","2025-12-22 10:58:46","en attente","Non"
"COSPA-5690","2025-12-23 07:45:11","en cours","Non"
"COSPA-5695","2025-12-23 09:11:30","en cours","Non"
"COSPA-5772","2025-12-23 22:11:23","en attente","Non"
"COSPA-5766","2025-12-23 19:12:49","en cours","Non"
"COSPA-5765","2025-12-23 19:01:25","en attente","Non"
"COSPA-5763","2025-12-23 18:40:02","en attente","Non"
"COSPA-5759","2025-12-23 17:31:22","en attente","Non"
"COSPA-5747","2025-12-23 15:46:02","en attente","Non"
"COSPA-5736","2025-12-23 14:24:24","en attente","Non"
"COSPA-5732","2025-12-23 13:35:07","en cours","Non"
"COSPA-5724","2025-12-23 12:03:06","en cours","Non"
"COSPA-5716","2025-12-23 11:04:50","en attente","Non"
"COSPA-5714","2025-12-23 10:58:53","en cours","Non"
"COSPA-5706","2025-12-23 09:52:39","en attente","Non"
"COSPA-5704","2025-12-23 09:44:02","en attente","Non"
"COSPA-5702","2025-12-23 09:38:40","en attente","Non"
"COSPA-5699","2025-12-23 09:18:42","en attente","Non"
"COSPA-5697","2025-12-23 09:12:31","en attente","Non"
"COSPA-5610","2025-12-22 10:46:27","en attente","Non"
"COSPA-5601","2025-12-22 09:58:51","en cours","Non"
"COSPA-5494","2025-12-20 14:16:23","en attente","Non"
"COSPA-5489","2025-12-20 13:13:08","en attente","Non"
"COSPA-5488","2025-12-20 13:12:25","en attente","Non"
"COSPA-5487","2025-12-20 13:02:28","en attente","Non"
"COSPA-5485","2025-12-20 12:00:42","en cours","Non"
"COSPA-5483","2025-12-20 11:34:40","en attente","Non"
"COSPA-5471","2025-12-20 07:13:02","en attente","Non"
"COSPA-5462","2025-12-19 21:39:15","en cours","Non"
"COSPA-5454","2025-12-19 19:37:11","en attente","Non"
"COSPA-5451","2025-12-19 17:58:45","en attente","Non"
"COSPA-5450","2025-12-19 17:58:21","en attente","Non"
"COSPA-5444","2025-12-19 16:12:21","en attente","Non"
"COSPA-5438","2025-12-19 15:53:34","en cours","Non"
"COSPA-5432","2025-12-19 15:07:19","en attente","Non"
"COSPA-5431","2025-12-19 15:06:49","en attente","Non"
"COSPA-5430","2025-12-19 15:06:49","en attente","Non"
"COSPA-5500","2025-12-20 16:10:21","en attente","Non"
"COSPA-5503","2025-12-20 17:58:08","en attente","Non"
"COSPA-5580","2025-12-22 08:55:23","en attente","Non"
"COSPA-5565","2025-12-22 08:18:31","en cours","Non"
"COSPA-5552","2025-12-21 22:48:04","en attente","Non"
"COSPA-5550","2025-12-21 18:48:04","en attente","Non"
"COSPA-5548","2025-12-21 18:18:51","en attente","Non"
"COSPA-5545","2025-12-21 18:11:15","en cours","Non"
"COSPA-5536","2025-12-21 13:22:21","en attente","Non"
"COSPA-5535","2025-12-21 13:20:47","en attente","Non"
"COSPA-5534","2025-12-21 13:08:27","en cours","Non"
"COSPA-5532","2025-12-21 13:06:45","en attente","Non"
"COSPA-5529","2025-12-21 12:41:31","en cours","Non"
"COSPA-5526","2025-12-21 11:43:21","en attente","Non"
"COSPA-5525","2025-12-21 11:31:27","en attente","Non"
"COSPA-5522","2025-12-21 09:12:39","en attente","Non"
"COSPA-5509","2025-12-20 21:08:21","en attente","Non"
"COSPA-5504","2025-12-20 17:58:08","en attente","Non"
"COSPA-5429","2025-12-19 15:04:44","en attente","Non"
"COSPA-5775","2025-12-23 23:52:47","en cours","Non"
"COSPA-6206","2025-12-31 16:58:50","en attente","Non"
"COSPA-6037","2025-12-29 11:40:21","en cours","Non"
"COSPA-6029","2025-12-29 11:22:41","en attente","Non"
"COSPA-6025","2025-12-29 10:30:46","en attente","Non"
"COSPA-6011","2025-12-29 09:29:02","en attente","Non"
"COSPA-6003","2025-12-29 09:06:41","en attente","Non"
"COSPA-5999","2025-12-29 08:41:08","en cours","Non"
"COSPA-5996","2025-12-29 08:02:43","en attente","Non"
"COSPA-5991","2025-12-29 06:12:03","en attente","Non"
"COSPA-5985","2025-12-28 20:55:04","en attente","Non"
"COSPA-5977","2025-12-28 14:36:39","en cours","Non"
"COSPA-5976","2025-12-28 14:24:22","en attente","Non"
"COSPA-5975","2025-12-28 14:24:03","en attente","Non"
"COSPA-5972","2025-12-28 11:39:22","en attente","Non"
"COSPA-5971","2025-12-28 11:37:25","en attente","Non"
"COSPA-5957","2025-12-27 17:40:21","en attente","Non"
"COSPA-5941","2025-12-27 13:22:27","en cours","Non"
"COSPA-6050","2025-12-29 12:43:06","en cours","Non"
"COSPA-6053","2025-12-29 13:02:42","en attente","Non"
"COSPA-6199","2025-12-31 14:01:23","en attente","Non"
"COSPA-6174","2025-12-31 09:26:04","en attente","Non"
"COSPA-6173","2025-12-31 09:22:23","en attente","Non"
"COSPA-6151","2025-12-30 17:29:08","en attente","Non"
"COSPA-6147","2025-12-30 16:03:54","en attente","Non"
"COSPA-6146","2025-12-30 15:47:01","en attente","Non"
"COSPA-6131","2025-12-30 12:38:06","en cours","Non"
"COSPA-6126","2025-12-30 11:29:21","en attente","Non"
"COSPA-6104","2025-12-30 08:37:10","en attente","Non"
"COSPA-6097","2025-12-29 22:24:04","en attente","Non"
"COSPA-6086","2025-12-29 16:34:32","en attente","Non"
"COSPA-6081","2025-12-29 15:38:20","en attente","Non"
"COSPA-6075","2025-12-29 14:44:06","en cours","Non"
"COSPA-6072","2025-12-29 14:34:43","en cours","Non"
"COSPA-6057","2025-12-29 13:33:44","en cours","Non"
"COSPA-6056","2025-12-29 13:30:27","en attente","Non"
"COSPA-5935","2025-12-27 09:58:40","en attente","Non"
"COSPA-5931","2025-12-27 09:24:19","en attente","Non"
"COSPA-5866","2025-12-25 18:30:23","en attente","Non"
"COSPA-5853","2025-12-25 10:58:04","en attente","Non"
"COSPA-5843","2025-12-25 01:45:20","en attente","Non"
"COSPA-5838","2025-12-24 21:40:54","en attente","Non"
"COSPA-5836","2025-12-24 19:10:26","en cours","Non"
"COSPA-5819","2025-12-24 14:00:28","en attente","Non"
"COSPA-5818","2025-12-24 13:49:40","en cours","Non"
"COSPA-5806","2025-12-24 12:10:21","en cours","Non"
"COSPA-5805","2025-12-24 12:09:27","en cours","Non"
"COSPA-5803","2025-12-24 12:08:22","en attente","Non"
"COSPA-5801","2025-12-24 12:05:25","en attente","Non"
"COSPA-5792","2025-12-24 09:57:19","en attente","Non"
"COSPA-5791","2025-12-24 09:56:32","en cours","Non"
"COSPA-5787","2025-12-24 09:33:09","en cours","Non"
"COSPA-5784","2025-12-24 08:58:24","en attente","Non"
"COSPA-5781","2025-12-24 07:58:23","en cours","Non"
"COSPA-5867","2025-12-25 18:56:50","en cours","Non"
"COSPA-5868","2025-12-25 18:58:41","en attente","Non"
"COSPA-5930","2025-12-27 09:22:21","en attente","Non"
"COSPA-5923","2025-12-27 08:34:22","en attente","Non"
"COSPA-5919","2025-12-26 21:35:02","en attente","Non"
"COSPA-5917","2025-12-26 21:22:44","en attente","Non"
"COSPA-5916","2025-12-26 21:02:49","en attente","Non"
"COSPA-5911","2025-12-26 16:18:40","en attente","Non"
"COSPA-5910","2025-12-26 16:18:02","en attente","Non"
"COSPA-5906","2025-12-26 14:50:41","en attente","Non"
"COSPA-5902","2025-12-26 12:43:20","en attente","Non"
"COSPA-5901","2025-12-26 12:32:22","en attente","Non"
"COSPA-5895","2025-12-26 11:42:40","en attente","Non"
"COSPA-5894","2025-12-26 11:28:21","en attente","Non"
"COSPA-5886","2025-12-26 10:04:43","en attente","Non"
"COSPA-5881","2025-12-26 09:15:02","en attente","Non"
"COSPA-5880","2025-12-26 09:04:41","en cours","Non"
"COSPA-5872","2025-12-25 21:52:32","en attente","Non"
"COSPA-5777","2025-12-24 04:56:24","en attente","Non"
"COSPA-5428","2025-12-19 15:04:20","en attente","Non"
"COSPA-5075","2025-12-16 18:02:49","en cours","Non"
"COSPA-5004","2025-12-16 12:14:03","en attente","Non"
"COSPA-5634","2025-12-22 13:05:02","en attente","Non"
"COSPA-4998","2025-12-16 11:49:30","en cours","Non"
"COSPA-4990","2025-12-16 11:02:40","en attente","Non"
"COSPA-4987","2025-12-16 10:31:08","en attente","Non"
"COSPA-4986","2025-12-16 10:20:28","en cours","Non"
"COSPA-4981","2025-12-16 09:58:02","en attente","Non"
"COSPA-4962","2025-12-16 08:31:24","en attente","Non"
"COSPA-4955","2025-12-16 08:02:03","en attente","Non"
"COSPA-4953","2025-12-16 07:54:03","en attente","Non"
"COSPA-4950","2025-12-16 07:13:11","en cours","Non"
"COSPA-4948","2025-12-16 07:01:18","en cours","Non"
"COSPA-4942","2025-12-16 06:12:03","en attente","Non"
"COSPA-4938","2025-12-16 00:11:35","en cours","Non"
"COSPA-4934","2025-12-15 22:58:06","en attente","Non"
"COSPA-4933","2025-12-15 22:46:54","en attente","Non"
"COSPA-5005","2025-12-16 12:30:40","en attente","Non"
"COSPA-5012","2025-12-16 12:56:03","en attente","Non"
"COSPA-5072","2025-12-16 17:50:20","en attente","Non"
"COSPA-5069","2025-12-16 17:36:02","en attente","Non"
"COSPA-5066","2025-12-16 17:21:04","en attente","Non"
"COSPA-5060","2025-12-16 16:32:23","en attente","Non"
"COSPA-5059","2025-12-16 16:30:20","en attente","Non"
"COSPA-5051","2025-12-16 16:02:58","en cours","Non"
"COSPA-5049","2025-12-16 15:52:40","en cours","Non"
"COSPA-5046","2025-12-16 15:37:08","en cours","Non"
"COSPA-5043","2025-12-16 15:30:54","en attente","Non"
"COSPA-5035","2025-12-16 14:50:55","en cours","Non"
"COSPA-5030","2025-12-16 14:40:21","en attente","Non"
"COSPA-5028","2025-12-16 14:26:20","en attente","Non"
"COSPA-5027","2025-12-16 14:22:02","en attente","Non"
"COSPA-5024","2025-12-16 14:02:25","en attente","Non"
"COSPA-5023","2025-12-16 13:50:40","en attente","Non"
"COSPA-5019","2025-12-16 13:26:33","en cours","Non"
"COSPA-4927","2025-12-15 21:15:10","en attente","Non"
"COSPA-4919","2025-12-15 19:44:13","en cours","Non"
"COSPA-4780","2025-12-15 09:38:59","en attente","Non"
"COSPA-4777","2025-12-15 09:27:53","en attente","Non"
"COSPA-4773","2025-12-15 09:16:26","en attente","Non"
"COSPA-4762","2025-12-15 08:10:42","en attente","Non"
"COSPA-4757","2025-12-15 07:56:29","en cours","Non"
"COSPA-4752","2025-12-15 07:41:54","en attente","Non"
"COSPA-4735","2025-12-14 21:50:58","en cours","Non"
"COSPA-4728","2025-12-14 19:31:03","en attente","Non"
"COSPA-4728","2025-12-14 19:31:03","en attente","Non"
"COSPA-4727","2025-12-14 18:58:47","en attente","Non"
"COSPA-4724","2025-12-14 17:26:08","en attente","Non"
"COSPA-4720","2025-12-14 16:40:11","en attente","Non"
"COSPA-4719","2025-12-14 15:19:56","en attente","Non"
"COSPA-4718","2025-12-14 15:08:48","en attente","Non"
"COSPA-4715","2025-12-14 13:11:00","en attente","Non"
"COSPA-4711","2025-12-14 11:24:46","en attente","Non"
"COSPA-4782","2025-12-15 09:47:51","en cours","Non"
"COSPA-4785","2025-12-15 09:56:10","en attente","Non"
"COSPA-4914","2025-12-15 19:04:09","en attente","Non"
"COSPA-4912","2025-12-15 18:41:25","en cours","Non"
"COSPA-4907","2025-12-15 17:52:53","en attente","Non"
"COSPA-4899","2025-12-15 17:11:54","en cours","Non"
"COSPA-4875","2025-12-15 15:52:06","en attente","Non"
"COSPA-4853","2025-12-15 14:10:08","en attente","Non"
"COSPA-4848","2025-12-15 14:00:13","en attente","Non"
"COSPA-4846","2025-12-15 13:56:53","en cours","Non"
"COSPA-4835","2025-12-15 13:06:54","en attente","Non"
"COSPA-4834","2025-12-15 13:02:11","en cours","Non"
"COSPA-4832","2025-12-15 12:56:24","en cours","Non"
"COSPA-4828","2025-12-15 12:32:53","en attente","Non"
"COSPA-4820","2025-12-15 11:41:34","en cours","Non"
"COSPA-4798","2025-12-15 10:38:29","en attente","Non"
"COSPA-4790","2025-12-15 10:10:35","en cours","Non"
"COSPA-4786","2025-12-15 09:57:07","en attente","Non"
"COSPA-4708","2025-12-14 10:32:48","en attente","Non"
"COSPA-5082","2025-12-16 19:18:49","en attente","Non"
"COSPA-5427","2025-12-19 15:03:20","en attente","Non"
"COSPA-5328","2025-12-18 15:59:13","en cours","Non"
"COSPA-5327","2025-12-18 15:36:35","en cours","Non"
"COSPA-5325","2025-12-18 15:20:44","en attente","Non"
"COSPA-5322","2025-12-18 15:14:41","en attente","Non"
"COSPA-5313","2025-12-18 13:54:04","en attente","Non"
"COSPA-5303","2025-12-18 12:40:20","en cours","Non"
"COSPA-5299","2025-12-18 12:27:20","en cours","Non"
"COSPA-5298","2025-12-18 12:26:20","en attente","Non"
"COSPA-5296","2025-12-18 12:12:05","en attente","Non"
"COSPA-5293","2025-12-18 12:04:48","en attente","Non"
"COSPA-5283","2025-12-18 11:29:25","en attente","Non"
"COSPA-5273","2025-12-18 10:57:48","en attente","Non"
"COSPA-5271","2025-12-18 10:52:25","en attente","Non"
"COSPA-5263","2025-12-18 10:11:15","en attente","Non"
"COSPA-5261","2025-12-18 10:05:08","en attente","Non"
"COSPA-5259","2025-12-18 09:58:45","en cours","Non"
"COSPA-5337","2025-12-18 18:40:42","en attente","Non"
"COSPA-5345","2025-12-19 05:43:05","en attente","Non"
"COSPA-5425","2025-12-19 15:00:54","en attente","Non"
"COSPA-5415","2025-12-19 13:59:21","en attente","Non"
"COSPA-5414","2025-12-19 13:50:41","en attente","Non"
"COSPA-5402","2025-12-19 12:30:43","en attente","Non"
"COSPA-5400","2025-12-19 12:21:02","en attente","Non"
"COSPA-5396","2025-12-19 11:56:26","en cours","Non"
"COSPA-5394","2025-12-19 11:40:42","en attente","Non"
"COSPA-5388","2025-12-19 10:56:03","en cours","Non"
"COSPA-5386","2025-12-19 10:48:42","en cours","Non"
"COSPA-5383","2025-12-19 10:28:12","en attente","Non"
"COSPA-5372","2025-12-19 09:24:51","en attente","Non"
"COSPA-5371","2025-12-19 09:10:02","en attente","Non"
"COSPA-5367","2025-12-19 08:42:24","en attente","Non"
"COSPA-5357","2025-12-19 07:28:28","en cours","Non"
"COSPA-5350","2025-12-19 06:28:27","en attente","Non"
"COSPA-5347","2025-12-19 06:14:01","en attente","Non"
"COSPA-5256","2025-12-18 09:47:57","en attente","Non"
"COSPA-5255","2025-12-18 09:37:29","en cours","Non"
"COSPA-5171","2025-12-17 11:59:24","en cours","Non"
"COSPA-5167","2025-12-17 11:30:46","en attente","Non"
"COSPA-5146","2025-12-17 09:48:11","en attente","Non"
"COSPA-5142","2025-12-17 09:30:06","en cours","Non"
"COSPA-5141","2025-12-17 09:24:02","en attente","Non"
"COSPA-5130","2025-12-17 08:56:30","en cours","Non"
"COSPA-5124","2025-12-17 08:22:53","en attente","Non"
"COSPA-5124","2025-12-17 08:22:53","en attente","Non"
"COSPA-5117","2025-12-17 08:08:21","en attente","Non"
"COSPA-5115","2025-12-17 07:55:23","en attente","Non"
"COSPA-5103","2025-12-16 22:52:40","en attente","Non"
"COSPA-5096","2025-12-16 22:19:10","en attente","Non"
"COSPA-5089","2025-12-16 20:27:18","en attente","Non"
"COSPA-5088","2025-12-16 20:26:02","en attente","Non"
"COSPA-5086","2025-12-16 20:23:36","en attente","Non"
"COSPA-5084","2025-12-16 20:13:14","en attente","Non"
"COSPA-5179","2025-12-17 13:57:24","en cours","Non"
"COSPA-5180","2025-12-17 14:08:42","en attente","Non"
"COSPA-5253","2025-12-18 09:14:05","en cours","Non"
"COSPA-5242","2025-12-18 08:20:50","en attente","Non"
"COSPA-5233","2025-12-18 06:25:29","en cours","Non"
"COSPA-5232","2025-12-18 05:31:23","en attente","Non"
"COSPA-5225","2025-12-17 23:26:21","en attente","Non"
"COSPA-5224","2025-12-17 23:19:12","en cours","Non"
"COSPA-5221","2025-12-17 22:33:11","en cours","Non"
"COSPA-5220","2025-12-17 22:33:11","en cours","Non"
"COSPA-5215","2025-12-17 20:16:22","en attente","Non"
"COSPA-5210","2025-12-17 18:48:51","en attente","Non"
"COSPA-5208","2025-12-17 18:17:06","en attente","Non"
"COSPA-5207","2025-12-17 18:12:05","en attente","Non"
"COSPA-5203","2025-12-17 17:28:04","en attente","Non"
"COSPA-5196","2025-12-17 16:20:03","en attente","Non"
"COSPA-5186","2025-12-17 14:54:31","en cours","Non"
"COSPA-5181","2025-12-17 14:30:04","en attente","Non"
"COSPA-5083","2025-12-16 19:54:30","en attente","Non"
"COSPA-1298","2025-11-03 14:33:34","en attente","Non"
"COSPA-1175","2025-10-30 14:40:36","en attente","Non"
"COSPA-1163","2025-10-30 13:16:56","en attente","Non"
"COSPA-1160","2025-10-30 12:49:20","en attente","Non"
"COSPA-1147","2025-10-30 09:00:36","en attente","Non"
"COSPA-1145","2025-10-30 08:50:35","en attente","Non"
"COSPA-1143","2025-10-30 08:30:04","en attente","Non"
"COSPA-1138","2025-10-30 07:59:37","en attente","Non"
"COSPA-1137","2025-10-30 07:31:34","en attente","Non"
"COSPA-1135","2025-10-30 07:04:36","en attente","Non"
"COSPA-1129","2025-10-29 20:32:34","en attente","Non"
"COSPA-1128","2025-10-29 20:28:45","en attente","Non"
"COSPA-1122","2025-10-29 17:25:23","en attente","Non"
"COSPA-1117","2025-10-29 15:18:55","en attente","Non"
"COSPA-1112","2025-10-29 14:19:37","en attente","Non"
"COSPA-1105","2025-10-29 13:38:20","en attente","Non"
"COSPA-1101","2025-10-29 13:09:21","en attente","Non"
"COSPA-1178","2025-10-30 15:05:35","en attente","Non"
"COSPA-1180","2025-10-30 15:40:54","en attente","Non"
"COSPA-1184","2025-10-30 17:13:35","en attente","Non"
"COSPA-1285","2025-11-03 11:56:38","en attente","Non"
"COSPA-1262","2025-11-03 08:18:56","en attente","Non"
"COSPA-1248","2025-11-02 16:48:26","en attente","Non"
"COSPA-1246","2025-11-02 13:34:36","en attente","Non"
"COSPA-1242","2025-11-02 06:30:35","en attente","Non"
"COSPA-1240","2025-11-02 04:29:00","en attente","Non"
"COSPA-1234","2025-11-01 14:31:35","en attente","Non"
"COSPA-1231","2025-11-01 11:19:21","en attente","Non"
"COSPA-1228","2025-11-01 08:05:34","en attente","Non"
"COSPA-1227","2025-11-01 07:26:54","en attente","Non"
"COSPA-1225","2025-11-01 07:15:23","en attente","Non"
"COSPA-1223","2025-11-01 05:30:36","en attente","Non"
"COSPA-1198","2025-10-31 09:35:36","en attente","Non"
"COSPA-1192","2025-10-31 08:35:35","en attente","Non"
"COSPA-1189","2025-10-31 08:01:36","en attente","Non"
"COSPA-1187","2025-10-31 00:07:53","en cours","Non"
"COSPA-1098","2025-10-29 11:57:55","en cours","Non"
"COSPA-1097","2025-10-29 11:36:01","en cours","Non"
"COSPA-1092","2025-10-29 10:38:57","en attente","Non"
"COSPA-1012","2025-10-28 09:19:19","en attente","Non"
"COSPA-1007","2025-10-28 08:30:56","en attente","Non"
"COSPA-1003","2025-10-28 07:30:34","en attente","Non"
"COSPA-1000","2025-10-27 23:07:21","en attente","Non"
"COSPA-994","2025-10-27 17:16:20","en attente","Non"
"COSPA-993","2025-10-27 17:15:21","en attente","Non"
"COSPA-988","2025-10-27 15:34:46","en attente","Non"
"COSPA-985","2025-10-27 14:50:59","en cours","Non"
"COSPA-971","2025-10-27 11:19:28","en cours","Non"
"COSPA-970","2025-10-27 11:06:18","en attente","Non"
"COSPA-964","2025-10-27 10:20:18","en attente","Non"
"COSPA-963","2025-10-27 10:18:18","en attente","Non"
"COSPA-962","2025-10-27 10:12:21","en attente","Non"
"COSPA-959","2025-10-27 09:52:35","en attente","Non"
"COSPA-949","2025-10-27 08:15:34","en attente","Non"
"COSPA-945","2025-10-27 07:54:34","en attente","Non"
"COSPA-1013","2025-10-28 09:21:40","en attente","Non"
"COSPA-1014","2025-10-28 09:21:40","en attente","Non"
"COSPA-1022","2025-10-28 10:11:20","en attente","Non"
"COSPA-1090","2025-10-29 10:14:37","en attente","Non"
"COSPA-1084","2025-10-29 09:10:19","en attente","Non"
"COSPA-1082","2025-10-29 08:52:18","en attente","Non"
"COSPA-1076","2025-10-29 05:50:34","en attente","Non"
"COSPA-1073","2025-10-29 01:06:37","en attente","Non"
"COSPA-1071","2025-10-28 20:30:34","en attente","Non"
"COSPA-1069","2025-10-28 20:22:57","en attente","Non"
"COSPA-1068","2025-10-28 20:22:18","en attente","Non"
"COSPA-1067","2025-10-28 20:02:38","en attente","Non"
"COSPA-1053","2025-10-28 16:06:19","en attente","Non"
"COSPA-1052","2025-10-28 16:04:20","en attente","Non"
"COSPA-1048","2025-10-28 15:26:39","en attente","Non"
"COSPA-1046","2025-10-28 15:11:18","en attente","Non"
"COSPA-1033","2025-10-28 12:30:21","en attente","Non"
"COSPA-1028","2025-10-28 11:44:55","en attente","Non"
"COSPA-1024","2025-10-28 10:36:35","en attente","Non"
"COSPA-944","2025-10-27 07:53:35","en attente","Non"
"COSPA-1625","2025-11-08 20:25:38","en attente","Non"
"COSPA-1534","2025-11-07 04:56:11","en cours","Non"
"COSPA-1533","2025-11-06 20:44:36","en attente","Non"
"COSPA-1530","2025-11-06 19:40:28","en attente","Non"
"COSPA-1529","2025-11-06 18:50:35","en attente","Non"
"COSPA-1515","2025-11-06 14:11:33","en attente","Non"
"COSPA-1514","2025-11-06 14:08:00","en attente","Non"
"COSPA-1511","2025-11-06 13:59:35","en attente","Non"
"COSPA-1500","2025-11-06 10:35:27","en attente","Non"
"COSPA-1496","2025-11-06 09:36:35","en attente","Non"
"COSPA-1494","2025-11-06 09:32:35","en attente","Non"
"COSPA-1492","2025-11-06 09:26:34","en attente","Non"
"COSPA-1491","2025-11-06 09:19:04","en attente","Non"
"COSPA-1490","2025-11-06 09:17:02","en attente","Non"
"COSPA-1482","2025-11-06 08:02:34","en attente","Non"
"COSPA-1479","2025-11-06 07:37:37","en attente","Non"
"COSPA-1477","2025-11-06 01:30:37","en attente","Non"
"COSPA-1543","2025-11-07 08:01:36","en attente","Non"
"COSPA-1547","2025-11-07 08:18:56","en attente","Non"
"COSPA-1548","2025-11-07 08:24:54","en attente","Non"
"COSPA-1621","2025-11-08 17:36:36","en attente","Non"
"COSPA-1613","2025-11-08 11:22:30","en attente","Non"
"COSPA-1612","2025-11-08 10:23:03","en attente","Non"
"COSPA-1609","2025-11-08 09:02:08","en attente","Non"
"COSPA-1606","2025-11-08 07:43:35","en attente","Non"
"COSPA-1597","2025-11-07 15:40:56","en attente","Non"
"COSPA-1596","2025-11-07 15:40:35","en attente","Non"
"COSPA-1591","2025-11-07 14:50:04","en attente","Non"
"COSPA-1588","2025-11-07 14:29:34","en attente","Non"
"COSPA-1582","2025-11-07 13:25:34","en attente","Non"
"COSPA-1579","2025-11-07 13:03:01","en attente","Non"
"COSPA-1578","2025-11-07 13:02:03","en attente","Non"
"COSPA-1573","2025-11-07 11:39:34","en attente","Non"
"COSPA-1571","2025-11-07 11:26:02","en attente","Non"
"COSPA-1568","2025-11-07 10:56:35","en attente","Non"
"COSPA-1563","2025-11-07 09:37:33","en attente","Non"
"COSPA-1476","2025-11-05 22:36:05","en attente","Non"
"COSPA-1470","2025-11-05 18:46:29","en attente","Non"
"COSPA-1469","2025-11-05 18:41:02","en cours","Non"
"COSPA-1367","2025-11-04 15:04:38","en attente","Non"
"COSPA-1366","2025-11-04 15:02:41","en attente","Non"
"COSPA-1364","2025-11-04 14:38:34","en attente","Non"
"COSPA-1362","2025-11-04 14:28:56","en attente","Non"
"COSPA-1358","2025-11-04 13:22:01","en attente","Non"
"COSPA-1354","2025-11-04 12:50:32","en attente","Non"
"COSPA-1350","2025-11-04 11:23:36","en attente","Non"
"COSPA-1341","2025-11-04 10:07:07","en cours","Non"
"COSPA-1335","2025-11-04 09:10:06","en attente","Non"
"COSPA-1334","2025-11-04 09:04:36","en attente","Non"
"COSPA-1332","2025-11-04 08:46:34","en attente","Non"
"COSPA-1324","2025-11-04 08:15:36","en attente","Non"
"COSPA-1321","2025-11-04 08:01:38","en attente","Non"
"COSPA-1313","2025-11-03 20:45:07","en attente","Non"
"COSPA-1307","2025-11-03 17:46:01","en attente","Non"
"COSPA-1302","2025-11-03 16:04:30","en attente","Non"
"COSPA-1376","2025-11-04 16:25:38","en cours","Non"
"COSPA-1383","2025-11-04 18:47:36","en attente","Non"
"COSPA-1386","2025-11-04 20:10:38","en attente","Non"
"COSPA-1468","2025-11-05 16:52:55","en attente","Non"
"COSPA-1461","2025-11-05 15:26:01","en attente","Non"
"COSPA-1455","2025-11-05 14:04:34","en attente","Non"
"COSPA-1454","2025-11-05 13:54:05","en attente","Non"
"COSPA-1452","2025-11-05 13:31:34","en attente","Non"
"COSPA-1424","2025-11-05 10:06:36","en attente","Non"
"COSPA-1423","2025-11-05 10:02:29","en attente","Non"
"COSPA-1418","2025-11-05 09:48:55","en attente","Non"
"COSPA-1416","2025-11-05 09:44:35","en attente","Non"
"COSPA-1414","2025-11-05 09:32:05","en attente","Non"
"COSPA-1412","2025-11-05 09:25:33","en attente","Non"
"COSPA-1404","2025-11-05 08:50:00","en attente","Non"
"COSPA-1403","2025-11-05 08:47:46","en attente","Non"
"COSPA-1402","2025-11-05 08:01:37","en attente","Non"
"COSPA-1395","2025-11-05 01:00:38","en attente","Non"
"COSPA-1388","2025-11-04 21:20:56","en attente","Non"
"COSPA-1299","2025-11-03 14:54:01","en attente","Non"
"COSPA-936","2025-10-27 00:51:23","en attente","Non"
"COSPA-516","2025-10-17 09:06:16","en attente","Non"
"COSPA-346","2025-10-14 15:35:52","en attente","Non"
"COSPA-343","2025-10-14 14:42:04","en attente","Non"
"COSPA-338","2025-10-14 13:32:48","en attente","Non"
"COSPA-332","2025-10-14 12:14:52","en attente","Non"
"COSPA-331","2025-10-14 11:58:47","en cours","Non"
"COSPA-304","2025-10-14 10:04:19","en attente","Non"
"COSPA-303","2025-10-14 09:59:13","en cours","Non"
"COSPA-296","2025-10-14 08:48:34","en attente","Non"
"COSPA-292","2025-10-14 08:07:57","en attente","Non"
"COSPA-291","2025-10-14 08:04:44","en attente","Non"
"COSPA-289","2025-10-14 07:32:45","en attente","Non"
"COSPA-288","2025-10-14 07:11:07","en cours","Non"
"COSPA-281","2025-10-14 05:31:56","en attente","Non"
"COSPA-267","2025-10-13 17:31:59","en attente","Non"
"COSPA-264","2025-10-13 16:25:58","en attente","Non"
"COSPA-256","2025-10-13 12:40:12","en attente","Non"
"COSPA-358","2025-10-15 04:11:52","en attente","Non"
"COSPA-370","2025-10-15 07:22:11","en attente","Non"
"COSPA-380","2025-10-15 09:14:10","en attente","Non"
"COSPA-483","2025-10-16 14:49:44","en cours","Non"
"COSPA-482","2025-10-16 14:45:17","en attente","Non"
"COSPA-472","2025-10-16 12:01:13","en attente","Non"
"COSPA-451","2025-10-16 09:02:11","en attente","Non"
"COSPA-440","2025-10-16 07:33:04","en attente","Non"
"COSPA-436","2025-10-16 07:08:02","en attente","Non"
"COSPA-433","2025-10-16 07:02:10","en attente","Non"
"COSPA-432","2025-10-16 05:31:08","en attente","Non"
"COSPA-422","2025-10-15 16:46:10","en attente","Non"
"COSPA-417","2025-10-15 15:46:18","en attente","Non"
"COSPA-414","2025-10-15 15:28:09","en attente","Non"
"COSPA-407","2025-10-15 14:27:09","en attente","Non"
"COSPA-394","2025-10-15 11:30:09","en attente","Non"
"COSPA-392","2025-10-15 11:01:09","en attente","Non"
"COSPA-389","2025-10-15 10:10:38","en attente","Non"
"COSPA-387","2025-10-15 10:04:08","en attente","Non"
"COSPA-255","2025-10-13 12:34:32","en attente","Non"
"COSPA-251","2025-10-13 10:53:37","en attente","Non"
"COSPA-250","2025-10-13 10:44:11","en attente","Non"
"COSPA-135","2025-10-10 09:05:03","en attente","Non"
"COSPA-129","2025-10-10 07:39:39","en attente","Non"
"COSPA-126","2025-10-10 07:12:08","en attente","Non"
"COSPA-121","2025-10-10 05:49:04","en cours","Non"
"COSPA-118","2025-10-09 22:16:19","en cours","Non"
"COSPA-107","2025-10-09 15:56:46","en cours","Non"
"COSPA-93","2025-10-09 13:58:12","en cours","Non"
"COSPA-89","2025-10-09 13:43:46","en attente","Non"
"COSPA-80","2025-10-09 12:22:51","en attente","Non"
"COSPA-79","2025-10-09 12:14:29","en attente","Non"
"COSPA-74","2025-10-09 11:29:56","en attente","Non"
"COSPA-57","2025-10-09 09:41:30","en cours","Non"
"COSPA-41","2025-10-09 07:15:28","en attente","Non"
"COSPA-41","2025-10-09 07:15:28","en attente","Non"
"COSPA-39","2025-10-09 06:54:07","en cours","Non"
"COSPA-37","2025-10-09 06:31:18","en attente","Non"
"COSPA-137","2025-10-10 10:08:10","en attente","Non"
"COSPA-145","2025-10-10 10:58:31","en attente","Non"
"COSPA-152","2025-10-10 12:03:49","en attente","Non"
"COSPA-248","2025-10-13 10:16:48","en cours","Non"
"COSPA-242","2025-10-13 09:29:07","en attente","Non"
"COSPA-241","2025-10-13 08:42:12","en attente","Non"
"COSPA-218","2025-10-12 10:43:49","en cours","Non"
"COSPA-217","2025-10-12 10:08:46","en attente","Non"
"COSPA-216","2025-10-12 08:24:46","en attente","Non"
"COSPA-215","2025-10-12 08:02:16","en attente","Non"
"COSPA-214","2025-10-12 06:35:13","en cours","Non"
"COSPA-197","2025-10-11 09:22:09","en cours","Non"
"COSPA-187","2025-10-10 17:21:46","en attente","Non"
"COSPA-186","2025-10-10 16:50:45","en attente","Non"
"COSPA-183","2025-10-10 16:22:10","en attente","Non"
"COSPA-168","2025-10-10 13:48:50","en cours","Non"
"COSPA-162","2025-10-10 13:00:46","en attente","Non"
"COSPA-159","2025-10-10 12:50:53","en attente","Non"
"COSPA-158","2025-10-10 12:47:47","en attente","Non"
"COSPA-20","2025-10-07 11:03:25","en attente","Non"
"COSPA-932","2025-10-26 08:22:20","en attente","Non"
"COSPA-852","2025-10-23 20:20:19","en attente","Non"
"COSPA-846","2025-10-23 15:14:46","en cours","Non"
"COSPA-843","2025-10-23 14:23:03","en attente","Non"
"COSPA-836","2025-10-23 12:49:03","en attente","Non"
"COSPA-832","2025-10-23 12:38:59","en attente","Non"
"COSPA-826","2025-10-23 11:50:58","en attente","Non"
"COSPA-823","2025-10-23 10:34:03","en attente","Non"
"COSPA-815","2025-10-23 09:36:40","en attente","Non"
"COSPA-811","2025-10-23 08:36:48","en attente","Non"
"COSPA-802","2025-10-23 07:46:06","en attente","Non"
"COSPA-796","2025-10-23 06:40:06","en attente","Non"
"COSPA-794","2025-10-23 05:02:04","en attente","Non"
"COSPA-786","2025-10-22 15:22:57","en attente","Non"
"COSPA-782","2025-10-22 15:04:40","en attente","Non"
"COSPA-778","2025-10-22 14:16:03","en attente","Non"
"COSPA-759","2025-10-22 09:54:39","en attente","Non"
"COSPA-865","2025-10-24 08:34:36","en attente","Non"
"COSPA-871","2025-10-24 09:28:34","en attente","Non"
"COSPA-881","2025-10-24 12:38:20","en attente","Non"
"COSPA-931","2025-10-26 04:37:21","en attente","Non"
"COSPA-926","2025-10-25 17:30:40","en cours","Non"
"COSPA-924","2025-10-25 16:29:22","en attente","Non"
"COSPA-915","2025-10-25 11:21:21","en attente","Non"
"COSPA-913","2025-10-25 10:57:08","en cours","Non"
"COSPA-910","2025-10-25 09:27:19","en attente","Non"
"COSPA-909","2025-10-25 09:14:24","en attente","Non"
"COSPA-905","2025-10-25 06:16:36","en attente","Non"
"COSPA-903","2025-10-25 00:01:18","en attente","Non"
"COSPA-902","2025-10-24 23:19:07","en cours","Non"
"COSPA-901","2025-10-24 23:14:20","en attente","Non"
"COSPA-894","2025-10-24 15:58:36","en attente","Non"
"COSPA-892","2025-10-24 15:05:34","en attente","Non"
"COSPA-890","2025-10-24 14:56:56","en attente","Non"
"COSPA-886","2025-10-24 13:44:55","en attente","Non"
"COSPA-885","2025-10-24 13:32:34","en attente","Non"
"COSPA-757","2025-10-22 09:10:04","en attente","Non"
"COSPA-753","2025-10-22 08:01:08","en attente","Non"
"COSPA-752","2025-10-22 08:00:55","en attente","Non"
"COSPA-611","2025-10-20 08:38:11","en attente","Non"
"COSPA-605","2025-10-20 07:49:48","en attente","Non"
"COSPA-604","2025-10-20 07:49:48","en attente","Non"
"COSPA-602","2025-10-20 07:10:28","en attente","Non"
"COSPA-587","2025-10-19 15:46:14","en attente","Non"
"COSPA-583","2025-10-19 13:46:14","en attente","Non"
"COSPA-577","2025-10-19 10:10:39","en attente","Non"
"COSPA-570","2025-10-18 17:29:20","en attente","Non"
"COSPA-564","2025-10-18 09:18:35","en cours","Non"
"COSPA-560","2025-10-18 08:01:16","en attente","Non"
"COSPA-550","2025-10-17 16:11:23","en attente","Non"
"COSPA-549","2025-10-17 15:42:42","en attente","Non"
"COSPA-534","2025-10-17 12:48:12","en attente","Non"
"COSPA-532","2025-10-17 12:32:17","en cours","Non"
"COSPA-525","2025-10-17 10:35:37","en attente","Non"
"COSPA-520","2025-10-17 09:56:34","en cours","Non"
"COSPA-627","2025-10-20 11:04:13","en attente","Non"
"COSPA-638","2025-10-20 13:55:17","en attente","Non"
"COSPA-651","2025-10-20 16:13:57","en cours","Non"
"COSPA-748","2025-10-22 06:41:27","en attente","Non"
"COSPA-744","2025-10-21 23:30:40","en attente","Non"
"COSPA-740","2025-10-21 19:12:07","en attente","Non"
"COSPA-728","2025-10-21 16:20:43","en attente","Non"
"COSPA-723","2025-10-21 15:42:00","en attente","Non"
"COSPA-720","2025-10-21 14:52:16","en attente","Non"
"COSPA-717","2025-10-21 13:51:18","en attente","Non"
"COSPA-706","2025-10-21 11:25:17","en attente","Non"
"COSPA-692","2025-10-21 09:05:17","en attente","Non"
"COSPA-690","2025-10-21 08:46:11","en attente","Non"
"COSPA-689","2025-10-21 08:44:54","en attente","Non"
"COSPA-677","2025-10-21 07:33:17","en attente","Non"
"COSPA-675","2025-10-21 06:50:11","en attente","Non"
"COSPA-671","2025-10-20 23:32:13","en attente","Non"
"COSPA-658","2025-10-20 16:45:18","en attente","Non"
"COSPA-657","2025-10-20 16:24:30","en attente","Non"
"COSPA-517","2025-10-17 09:12:38","en cours","Non"
"COSPA-2746","2025-11-26 16:46:46","en cours","Non"
"COSPA-2566","2025-11-24 17:19:36","en cours","Non"
"COSPA-2568","2025-11-24 17:22:13","en cours","Non"
"COSPA-2573","2025-11-24 17:32:01","en attente","Non"
"COSPA-2580","2025-11-24 19:42:43","en attente","Non"
"COSPA-2581","2025-11-24 19:42:47","en attente","Non"
"COSPA-2592","2025-11-25 06:17:11","en cours","Non"
"COSPA-2613","2025-11-25 08:58:12","en cours","Non"
"COSPA-2614","2025-11-25 09:00:16","en attente","Non"
"COSPA-2560","2025-11-24 17:12:32","en attente","Non"
"COSPA-2552","2025-11-24 16:25:42","en attente","Non"
"COSPA-2494","2025-11-24 09:26:01","en cours","Non"
"COSPA-2495","2025-11-24 09:44:33","en attente","Non"
"COSPA-2497","2025-11-24 10:22:32","en attente","Non"
"COSPA-2507","2025-11-24 11:24:08","en attente","Non"
"COSPA-2528","2025-11-24 13:56:32","en attente","Non"
"COSPA-2538","2025-11-24 14:58:31","en attente","Non"
"COSPA-2539","2025-11-24 15:01:09","en attente","Non"
"COSPA-2542","2025-11-24 15:18:35","en attente","Non"
"COSPA-2618","2025-11-25 09:18:15","en attente","Non"
"COSPA-2628","2025-11-25 10:28:35","en attente","Non"
"COSPA-2678","2025-11-25 22:26:15","en attente","Non"
"COSPA-2682","2025-11-26 05:42:48","en cours","Non"
"COSPA-2694","2025-11-26 09:45:55","en attente","Non"
"COSPA-2709","2025-11-26 11:41:59","en cours","Non"
"COSPA-2712","2025-11-26 12:31:12","en attente","Non"
"COSPA-2731","2025-11-26 14:51:14","en cours","Non"
"COSPA-2738","2025-11-26 15:19:15","en attente","Non"
"COSPA-2745","2025-11-26 16:46:13","en attente","Non"
"COSPA-2673","2025-11-25 20:26:21","en cours","Non"
"COSPA-2667","2025-11-25 17:39:15","en attente","Non"
"COSPA-2631","2025-11-25 10:41:55","en attente","Non"
"COSPA-2638","2025-11-25 11:36:56","en attente","Non"
"COSPA-2639","2025-11-25 11:38:35","en attente","Non"
"COSPA-2640","2025-11-25 11:55:00","en cours","Non"
"COSPA-2648","2025-11-25 13:20:00","en attente","Non"
"COSPA-2649","2025-11-25 13:31:00","en attente","Non"
"COSPA-2650","2025-11-25 13:50:16","en attente","Non"
"COSPA-2660","2025-11-25 16:33:15","en attente","Non"
"COSPA-2485","2025-11-24 07:39:41","en cours","Non"
"COSPA-2482","2025-11-24 01:28:39","en attente","Non"
"COSPA-2478","2025-11-23 20:15:09","en attente","Non"
"COSPA-2327","2025-11-20 10:33:09","en attente","Non"
"COSPA-2328","2025-11-20 10:35:10","en attente","Non"
"COSPA-2339","2025-11-20 13:30:46","en attente","Non"
"COSPA-2341","2025-11-20 13:35:11","en attente","Non"
"COSPA-2342","2025-11-20 13:37:06","en attente","Non"
"COSPA-2362","2025-11-20 18:50:09","en attente","Non"
"COSPA-2375","2025-11-21 07:22:33","en attente","Non"
"COSPA-2378","2025-11-21 08:24:33","en attente","Non"
"COSPA-2324","2025-11-20 10:13:14","en cours","Non"
"COSPA-2321","2025-11-20 09:14:06","en attente","Non"
"COSPA-2287","2025-11-19 15:32:38","en attente","Non"
"COSPA-2291","2025-11-19 16:12:06","en attente","Non"
"COSPA-2292","2025-11-19 16:22:09","en attente","Non"
"COSPA-2300","2025-11-19 19:24:31","en attente","Non"
"COSPA-2303","2025-11-19 21:23:11","en attente","Non"
"COSPA-2306","2025-11-20 05:05:08","en attente","Non"
"COSPA-2310","2025-11-20 07:01:18","en cours","Non"
"COSPA-2316","2025-11-20 08:20:09","en attente","Non"
"COSPA-2384","2025-11-21 09:16:07","en attente","Non"
"COSPA-2395","2025-11-21 10:31:16","en cours","Non"
"COSPA-2442","2025-11-22 13:12:08","en attente","Non"
"COSPA-2443","2025-11-22 14:09:09","en attente","Non"
"COSPA-2446","2025-11-22 14:23:34","en cours","Non"
"COSPA-2448","2025-11-22 16:48:32","en attente","Non"
"COSPA-2453","2025-11-22 21:53:39","en cours","Non"
"COSPA-2467","2025-11-23 12:22:08","en attente","Non"
"COSPA-2469","2025-11-23 14:31:08","en attente","Non"
"COSPA-2476","2025-11-23 19:33:10","en attente","Non"
"COSPA-2439","2025-11-22 12:16:34","en cours","Non"
"COSPA-2436","2025-11-22 09:52:13","en attente","Non"
"COSPA-2398","2025-11-21 11:34:46","en cours","Non"
"COSPA-2406","2025-11-21 13:17:07","en attente","Non"
"COSPA-2413","2025-11-21 15:24:32","en attente","Non"
"COSPA-2414","2025-11-21 15:33:37","en cours","Non"
"COSPA-2419","2025-11-21 16:53:35","en attente","Non"
"COSPA-2427","2025-11-21 18:38:37","en attente","Non"
"COSPA-2429","2025-11-21 19:06:09","en attente","Non"
"COSPA-2431","2025-11-22 04:35:08","en attente","Non"
"COSPA-2286","2025-11-19 15:21:07","en cours","Non"
"COSPA-3215","2025-12-02 13:29:22","en attente","Non"
"COSPA-3057","2025-12-01 09:44:50","en attente","Non"
"COSPA-3059","2025-12-01 09:46:31","en attente","Non"
"COSPA-3060","2025-12-01 09:49:30","en attente","Non"
"COSPA-3065","2025-12-01 10:29:51","en attente","Non"
"COSPA-3067","2025-12-01 10:35:48","en attente","Non"
"COSPA-3075","2025-12-01 11:30:05","en attente","Non"
"COSPA-3076","2025-12-01 11:36:07","en attente","Non"
"COSPA-3079","2025-12-01 11:42:05","en attente","Non"
"COSPA-3047","2025-12-01 08:58:38","en cours","Non"
"COSPA-3041","2025-12-01 08:50:14","en attente","Non"
"COSPA-3016","2025-11-30 16:21:03","en attente","Non"
"COSPA-3020","2025-11-30 19:24:57","en attente","Non"
"COSPA-3025","2025-11-30 22:10:17","en attente","Non"
"COSPA-3026","2025-11-30 23:00:19","en cours","Non"
"COSPA-3028","2025-12-01 01:04:39","en attente","Non"
"COSPA-3032","2025-12-01 08:19:55","en attente","Non"
"COSPA-3037","2025-12-01 08:38:18","en attente","Non"
"COSPA-3038","2025-12-01 08:38:18","en attente","Non"
"COSPA-3084","2025-12-01 12:05:10","en attente","Non"
"COSPA-3094","2025-12-01 13:05:52","en attente","Non"
"COSPA-3149","2025-12-01 22:26:05","en attente","Non"
"COSPA-3151","2025-12-02 06:02:40","en attente","Non"
"COSPA-3155","2025-12-02 07:28:06","en attente","Non"
"COSPA-3165","2025-12-02 09:11:05","en attente","Non"
"COSPA-3172","2025-12-02 09:40:52","en attente","Non"
"COSPA-3174","2025-12-02 09:48:06","en attente","Non"
"COSPA-3206","2025-12-02 12:37:56","en cours","Non"
"COSPA-3214","2025-12-02 13:29:22","en attente","Non"
"COSPA-3147","2025-12-01 21:44:50","en attente","Non"
"COSPA-3142","2025-12-01 19:29:30","en cours","Non"
"COSPA-3099","2025-12-01 13:30:50","en attente","Non"
"COSPA-3103","2025-12-01 14:01:10","en cours","Non"
"COSPA-3113","2025-12-01 14:30:38","en attente","Non"
"COSPA-3114","2025-12-01 14:36:47","en attente","Non"
"COSPA-3127","2025-12-01 15:52:48","en attente","Non"
"COSPA-3128","2025-12-01 15:53:49","en attente","Non"
"COSPA-3131","2025-12-01 16:00:49","en attente","Non"
"COSPA-3139","2025-12-01 17:51:26","en attente","Non"
"COSPA-3014","2025-11-30 16:01:55","en attente","Non"
"COSPA-3013","2025-11-30 15:38:13","en attente","Non"
"COSPA-3008","2025-11-30 14:13:56","en attente","Non"
"COSPA-2814","2025-11-27 16:11:19","en attente","Non"
"COSPA-2815","2025-11-27 16:11:19","en attente","Non"
"COSPA-2818","2025-11-27 17:09:12","en cours","Non"
"COSPA-2827","2025-11-27 18:22:14","en attente","Non"
"COSPA-2829","2025-11-27 18:28:11","en attente","Non"
"COSPA-2833","2025-11-27 19:19:55","en attente","Non"
"COSPA-2854","2025-11-28 08:36:13","en attente","Non"
"COSPA-2865","2025-11-28 10:36:57","en attente","Non"
"COSPA-2811","2025-11-27 15:55:13","en attente","Non"
"COSPA-2796","2025-11-27 13:32:54","en attente","Non"
"COSPA-2761","2025-11-27 08:10:26","en cours","Non"
"COSPA-2764","2025-11-27 08:21:56","en attente","Non"
"COSPA-2765","2025-11-27 08:39:38","en cours","Non"
"COSPA-2770","2025-11-27 09:32:42","en cours","Non"
"COSPA-2776","2025-11-27 10:30:15","en attente","Non"
"COSPA-2781","2025-11-27 11:06:18","en attente","Non"
"COSPA-2787","2025-11-27 12:38:36","en attente","Non"
"COSPA-2790","2025-11-27 12:45:53","en attente","Non"
"COSPA-2866","2025-11-28 10:42:45","en attente","Non"
"COSPA-2866","2025-11-28 10:42:45","en attente","Non"
"COSPA-2952","2025-11-28 21:33:57","en attente","Non"
"COSPA-2954","2025-11-28 21:48:36","en attente","Non"
"COSPA-2958","2025-11-29 08:46:39","en attente","Non"
"COSPA-2966","2025-11-29 10:46:15","en attente","Non"
"COSPA-2977","2025-11-29 14:05:57","en attente","Non"
"COSPA-2979","2025-11-29 17:12:57","en attente","Non"
"COSPA-2987","2025-11-29 21:04:56","en attente","Non"
"COSPA-2994","2025-11-30 05:34:38","en attente","Non"
"COSPA-2942","2025-11-28 17:25:20","en attente","Non"
"COSPA-2933","2025-11-28 16:42:58","en cours","Non"
"COSPA-2870","2025-11-28 10:58:12","en attente","Non"
"COSPA-2878","2025-11-28 12:01:55","en attente","Non"
"COSPA-2882","2025-11-28 12:18:17","en cours","Non"
"COSPA-2890","2025-11-28 12:39:14","en attente","Non"
"COSPA-2895","2025-11-28 13:03:55","en attente","Non"
"COSPA-2908","2025-11-28 13:53:28","en attente","Non"
"COSPA-2910","2025-11-28 14:03:53","en attente","Non"
"COSPA-2927","2025-11-28 15:47:59","en cours","Non"
"COSPA-2749","2025-11-26 17:46:13","en attente","Non"
"COSPA-1972","2025-11-14 16:11:58","en attente","Non"
"COSPA-1878","2025-11-13 10:08:54","en attente","Non"
"COSPA-1876","2025-11-13 09:56:23","en cours","Non"
"COSPA-1869","2025-11-13 09:25:55","en attente","Non"
"COSPA-1864","2025-11-13 08:33:54","en attente","Non"
"COSPA-1861","2025-11-13 08:04:24","en attente","Non"
"COSPA-1860","2025-11-13 07:20:56","en attente","Non"
"COSPA-1837","2025-11-12 16:38:59","en attente","Non"
"COSPA-1770","2025-11-11 14:02:26","en attente","Non"
"COSPA-1823","2025-11-12 14:52:39","en attente","Non"
"COSPA-1820","2025-11-12 14:14:58","en attente","Non"
"COSPA-1816","2025-11-12 13:41:59","en attente","Non"
"COSPA-1812","2025-11-12 13:17:31","en attente","Non"
"COSPA-1811","2025-11-12 13:16:33","en attente","Non"
"COSPA-1810","2025-11-12 13:10:01","en attente","Non"
"COSPA-1809","2025-11-12 12:52:59","en attente","Non"
"COSPA-1880","2025-11-13 10:10:54","en attente","Non"
"COSPA-1883","2025-11-13 10:38:08","en attente","Non"
"COSPA-1888","2025-11-13 11:22:06","en attente","Non"
"COSPA-1958","2025-11-14 12:18:30","en attente","Non"
"COSPA-1952","2025-11-14 11:33:23","en cours","Non"
"COSPA-1951","2025-11-14 11:15:58","en attente","Non"
"COSPA-1949","2025-11-14 10:45:07","en attente","Non"
"COSPA-1948","2025-11-14 10:28:25","en attente","Non"
"COSPA-1934","2025-11-14 07:30:47","en attente","Non"
"COSPA-1931","2025-11-14 07:08:18","en attente","Non"
"COSPA-1930","2025-11-14 05:27:55","en attente","Non"
"COSPA-1919","2025-11-13 18:13:24","en cours","Non"
"COSPA-1917","2025-11-13 17:57:52","en attente","Non"
"COSPA-1913","2025-11-13 17:12:09","en attente","Non"
"COSPA-1912","2025-11-13 17:00:09","en attente","Non"
"COSPA-1911","2025-11-13 15:54:05","en attente","Non"
"COSPA-1910","2025-11-13 15:52:33","en attente","Non"
"COSPA-1893","2025-11-13 12:36:37","en cours","Non"
"COSPA-1808","2025-11-12 12:46:59","en attente","Non"
"COSPA-1800","2025-11-12 10:11:55","en attente","Non"
"COSPA-1695","2025-11-10 14:37:17","en attente","Non"
"COSPA-1692","2025-11-10 14:08:37","en attente","Non"
"COSPA-1678","2025-11-10 12:04:40","en attente","Non"
"COSPA-1677","2025-11-10 12:00:37","en attente","Non"
"COSPA-1674","2025-11-10 10:56:09","en attente","Non"
"COSPA-1670","2025-11-10 10:34:05","en attente","Non"
"COSPA-1669","2025-11-10 10:05:18","en cours","Non"
"COSPA-1665","2025-11-10 09:54:01","en attente","Non"
"COSPA-1651","2025-11-10 08:11:12","en cours","Non"
"COSPA-1648","2025-11-09 21:04:04","en attente","Non"
"COSPA-1647","2025-11-09 20:22:35","en attente","Non"
"COSPA-1643","2025-11-09 18:04:59","en attente","Non"
"COSPA-1641","2025-11-09 16:32:39","en attente","Non"
"COSPA-1639","2025-11-09 15:05:08","en cours","Non"
"COSPA-1629","2025-11-09 08:07:25","en attente","Non"
"COSPA-1696","2025-11-10 14:43:56","en attente","Non"
"COSPA-1700","2025-11-10 14:58:49","en cours","Non"
"COSPA-1704","2025-11-10 15:22:55","en attente","Non"
"COSPA-1787","2025-11-12 09:04:57","en attente","Non"
"COSPA-1784","2025-11-12 07:31:56","en attente","Non"
"COSPA-1783","2025-11-12 07:02:26","en attente","Non"
"COSPA-1773","2025-11-11 17:55:56","en attente","Non"
"COSPA-1768","2025-11-11 13:38:54","en attente","Non"
"COSPA-1761","2025-11-11 13:02:55","en attente","Non"
"COSPA-1748","2025-11-11 11:19:13","en attente","Non"
"COSPA-1741","2025-11-11 10:46:46","en attente","Non"
"COSPA-1739","2025-11-11 09:27:00","en attente","Non"
"COSPA-1736","2025-11-11 05:18:11","en attente","Non"
"COSPA-1734","2025-11-10 23:55:50","en attente","Non"
"COSPA-1725","2025-11-10 19:38:55","en attente","Non"
"COSPA-1724","2025-11-10 19:24:46","en attente","Non"
"COSPA-1714","2025-11-10 15:55:47","en attente","Non"
"COSPA-1711","2025-11-10 15:40:14","en attente","Non"
"COSPA-1628","2025-11-09 00:13:37","en attente","Non"
"COSPA-1976","2025-11-14 17:19:06","en cours","Non"
"COSPA-2191","2025-11-18 11:38:32","en attente","Non"
"COSPA-2088","2025-11-17 10:55:05","en attente","Non"
"COSPA-2073","2025-11-17 09:17:49","en attente","Non"
"COSPA-2253","2025-11-19 09:15:08","en attente","Non"
"COSPA-2200","2025-11-18 13:35:08","en attente","Non"
"COSPA-2214","2025-11-18 15:12:33","en attente","Non"
"COSPA-2243","2025-11-19 04:54:33","en attente","Non"
"COSPA-2070","2025-11-17 09:01:01","en attente","Non"
"COSPA-2065","2025-11-17 08:32:56","en attente","Non"
"COSPA-2247","2025-11-19 07:47:08","en attente","Non"
"COSPA-2060","2025-11-17 08:17:06","en attente","Non"
"COSPA-2252","2025-11-19 08:46:35","en attente","Non"
"COSPA-2044","2025-11-16 20:16:05","en attente","Non"
"COSPA-2043","2025-11-16 19:52:12","en attente","Non"
"COSPA-2042","2025-11-16 18:17:08","en attente","Non"
"COSPA-2092","2025-11-17 11:18:23","en attente","Non"
"COSPA-2653","2025-11-25 14:05:54","en attente","Non"
"COSPA-2183","2025-11-18 09:44:32","en attente","Non"
"COSPA-2173","2025-11-18 09:04:14","en cours","Non"
"COSPA-2169","2025-11-18 06:43:38","en attente","Non"
"COSPA-2163","2025-11-17 22:58:19","en attente","Non"
"COSPA-2160","2025-11-17 21:42:20","en attente","Non"
"COSPA-2148","2025-11-17 17:23:56","en attente","Non"
"COSPA-2144","2025-11-17 17:06:00","en cours","Non"
"COSPA-2135","2025-11-17 16:03:39","en attente","Non"
"COSPA-2131","2025-11-17 15:09:43","en attente","Non"
"COSPA-2195","2025-11-18 12:43:32","en attente","Non"
"COSPA-2129","2025-11-17 14:57:01","en attente","Non"
"COSPA-2125","2025-11-17 14:21:06","en attente","Non"
"COSPA-2199","2025-11-18 13:18:08","en attente","Non"
"COSPA-2094","2025-11-17 11:26:23","en attente","Non"
"COSPA-2041","2025-11-16 18:10:25","en attente","Non"
"COSPA-2008","2025-11-15 18:02:01","en attente","Non"
"COSPA-2265","2025-11-19 10:52:02","en attente","Non"
"COSPA-2035","2025-11-16 15:38:11","en cours","Non"
"COSPA-1977","2025-11-14 17:32:53","en cours","Non"
"COSPA-2027","2025-11-16 06:14:23","en attente","Non"
"COSPA-2266","2025-11-19 10:55:18","en cours","Non"
"COSPA-2269","2025-11-19 11:30:39","en attente","Non"
"COSPA-2017","2025-11-15 19:41:06","en attente","Non"
"COSPA-2011","2025-11-15 18:59:06","en attente","Non"
"COSPA-1985","2025-11-14 20:36:24","en attente","Non"
"COSPA-2279","2025-11-19 13:01:40","en cours","Non"
"COSPA-2010","2025-11-15 18:47:08","en attente","Non"
"COSPA-2256","2025-11-19 09:31:10","en attente","Non"
"COSPA-2037","2025-11-16 16:56:25","en attente","Non"
"COSPA-2022","2025-11-15 22:12:25","en attente","Non"
"COSPA-2282","2025-11-19 13:20:34","en attente","Non"
"COSPA-6195","2025-12-31 13:24:50","en attente","Oui"
"COSPA-4732","2025-12-14 20:58:54","en attente","Oui"
"COSPA-6032","2025-12-29 11:30:05","en cours","Oui"
"COSPA-6208","2025-12-31 17:13:05","en attente","Oui"
"COSPA-6033","2025-12-29 11:32:41","en cours","Oui"
"COSPA-5997","2025-12-29 08:08:05","en attente","Oui"
"COSPA-6191","2025-12-31 12:24:07","en cours","Oui"
"COSPA-6039","2025-12-29 11:43:22","en cours","Oui"
"COSPA-4748","2025-12-15 04:39:23","en attente","Oui"
"COSPA-4610","2025-12-12 21:59:54","en attente","Oui"
"COSPA-6002","2025-12-29 08:52:24","en attente","Oui"
"COSPA-4740","2025-12-14 22:11:54","en attente","Oui"
"COSPA-6198","2025-12-31 13:57:07","en attente","Oui"
"COSPA-5339","2025-12-18 19:21:56","en attente","Oui"
"COSPA-6205","2025-12-31 16:45:13","en cours","Oui"
"COSPA-6014","2025-12-29 09:34:30","en cours","Oui"
"COSPA-6194","2025-12-31 13:23:22","en cours","Oui"
"COSPA-6009","2025-12-29 09:22:39","en attente","Oui"
"COSPA-6015","2025-12-29 09:42:29","en cours","Oui"
"COSPA-4742","2025-12-14 23:50:13","en attente","Oui"
"COSPA-5994","2025-12-29 06:58:04","en attente","Oui"
"COSPA-6042","2025-12-29 11:50:50","en attente","Oui"
"COSPA-6092","2025-12-29 19:54:35","en cours","Oui"
"COSPA-6143","2025-12-30 15:06:44","en cours","Oui"
"COSPA-6095","2025-12-29 20:19:51","en attente","Oui"
"COSPA-6142","2025-12-30 14:56:43","en cours","Oui"
"COSPA-6098","2025-12-29 23:19:29","en cours","Oui"
"COSPA-6103","2025-12-30 08:28:55","en cours","Oui"
"COSPA-5391","2025-12-19 11:08:07","en attente","Oui"
"COSPA-6118","2025-12-30 10:08:32","en cours","Oui"
"COSPA-6067","2025-12-29 14:17:24","en cours","Oui"
"COSPA-6128","2025-12-30 12:16:32","en cours","Oui"
"COSPA-5310","2025-12-18 13:32:28","en attente","Oui"
"COSPA-6089","2025-12-29 18:26:34","en cours","Oui"
"COSPA-6088","2025-12-29 17:34:32","en cours","Oui"
"COSPA-6048","2025-12-29 12:31:19","en attente","Oui"
"COSPA-4617","2025-12-12 23:55:20","en attente","Oui"
"COSPA-6156","2025-12-30 19:40:26","en cours","Oui"
"COSPA-5421","2025-12-19 14:26:39","en attente","Oui"
"COSPA-6170","2025-12-31 08:20:28","en attente","Oui"
"COSPA-6061","2025-12-29 13:49:14","en cours","Oui"
"COSPA-6066","2025-12-29 14:08:27","en cours","Oui"
"COSPA-6069","2025-12-29 14:28:24","en cours","Oui"
"COSPA-6150","2025-12-30 17:28:26","en cours","Oui"
"COSPA-6149","2025-12-30 17:14:34","en attente","Oui"
"COSPA-6085","2025-12-29 16:12:25","en attente","Oui"
"COSPA-6124","2025-12-30 10:36:05","en cours","Oui"
"COSPA-5002","2025-12-16 12:11:09","en attente","Oui"
"COSPA-5172","2025-12-17 12:17:04","en attente","Oui"
"COSPA-4429","2025-12-11 16:23:04","en attente","Oui"
"COSPA-4432","2025-12-11 16:56:55","en attente","Oui"
"COSPA-4434","2025-12-11 17:02:25","en attente","Oui"
"COSPA-5175","2025-12-17 12:57:14","en attente","Oui"
"COSPA-5531","2025-12-21 13:02:21","en attente","Oui"
"COSPA-4975","2025-12-16 09:33:01","en attente","Oui"
"COSPA-4462","2025-12-11 22:17:20","en attente","Oui"
"COSPA-4470","2025-12-12 01:46:56","en attente","Oui"
"COSPA-4473","2025-12-12 05:04:11","en attente","Oui"
"COSPA-5516","2025-12-21 01:20:58","en attente","Oui"
"COSPA-5807","2025-12-24 12:21:34","en attente","Oui"
"COSPA-5507","2025-12-20 19:19:04","en attente","Oui"
"COSPA-4426","2025-12-11 16:15:01","en attente","Oui"
"COSPA-4412","2025-12-11 14:41:08","en attente","Oui"
"COSPA-5544","2025-12-21 17:19:01","en attente","Oui"
"COSPA-5097","2025-12-16 22:20:54","en attente","Oui"
"COSPA-4293","2025-12-10 18:05:27","en attente","Oui"
"COSPA-5633","2025-12-22 13:02:56","en attente","Oui"
"COSPA-4300","2025-12-10 19:42:13","en attente","Oui"
"COSPA-4306","2025-12-10 20:37:32","en attente","Oui"
"COSPA-5118","2025-12-17 08:10:22","en attente","Oui"
"COSPA-5290","2025-12-18 11:52:39","en attente","Oui"
"COSPA-5140","2025-12-17 09:23:30","en attente","Oui"
"COSPA-5571","2025-12-22 08:45:07","en attente","Oui"
"COSPA-5559","2025-12-22 07:02:28","en attente","Oui"
"COSPA-5144","2025-12-17 09:36:22","en attente","Oui"
"COSPA-5108","2025-12-17 05:41:01","en attente","Oui"
"COSPA-4387","2025-12-11 12:28:09","en attente","Oui"
"COSPA-5822","2025-12-24 14:40:03","en attente","Oui"
"COSPA-5827","2025-12-24 15:01:28","en attente","Oui"
"COSPA-5831","2025-12-24 15:42:21","en attente","Oui"
"COSPA-4822","2025-12-15 11:58:03","en attente","Oui"
"COSPA-5921","2025-12-27 07:04:32","en attente","Oui"
"COSPA-4550","2025-12-12 13:12:43","en attente","Oui"
"COSPA-4818","2025-12-15 11:33:29","en attente","Oui"
"COSPA-4800","2025-12-15 10:44:35","en attente","Oui"
"COSPA-5235","2025-12-18 07:10:03","en attente","Oui"
"COSPA-5960","2025-12-27 18:21:44","en attente","Oui"
"COSPA-5979","2025-12-28 15:16:55","en attente","Oui"
"COSPA-5981","2025-12-28 16:21:55","en attente","Oui"
"COSPA-5983","2025-12-28 18:11:10","en cours","Oui"
"COSPA-5984","2025-12-28 20:03:02","en attente","Oui"
"COSPA-5986","2025-12-28 21:07:34","en attente","Oui"
"COSPA-5987","2025-12-28 22:10:24","en attente","Oui"
"COSPA-4478","2025-12-12 06:53:25","en attente","Oui"
"COSPA-5912","2025-12-26 16:56:02","en attente","Oui"
"COSPA-5473","2025-12-20 08:18:51","en attente","Oui"
"COSPA-4484","2025-12-12 07:42:39","en attente","Oui"
"COSPA-5844","2025-12-25 01:45:30","en attente","Oui"
"COSPA-5845","2025-12-25 08:20:23","en attente","Oui"
"COSPA-5850","2025-12-25 10:26:40","en attente","Oui"
"COSPA-5209","2025-12-17 18:19:04","en attente","Oui"
"COSPA-4924","2025-12-15 20:33:56","en attente","Oui"
"COSPA-5211","2025-12-17 18:56:45","en attente","Oui"
"COSPA-5873","2025-12-25 22:00:29","en attente","Oui"
"COSPA-4509","2025-12-12 09:32:08","en attente","Oui"
"COSPA-4892","2025-12-15 16:49:23","en attente","Oui"
"COSPA-4863","2025-12-15 14:38:44","en attente","Oui"
"COSPA-5478","2025-12-20 09:48:49","en attente","Oui"
"COSPA-4524","2025-12-12 10:55:56","en attente","Oui"
"COSPA-4591","2025-12-12 17:16:08","en attente","Oui"
